Country,Data Quality,SDGi,Life Expectancy,HDI,Per Capita GDP,Region,Income Group,Population (millions),Cropland Footprint Production,Grazing Footprint Production,Forest Product Footprint Production,Fish Footprint Production,Built up land Production,Carbon Footprint Production,Total Ecological Footprint (Production),Cropland Footprint Consumption,Grazing Footprint Consumption,Forest Product Footprint Consumption,Fish Footprint Consumption,Built up land Consumption,Carbon Footprint Consumption,Total Ecological Footprint (Consumption),Cropland,Grazing land,Forest land,Fishing ground,Built up land,Total biocapacity ,Ecological (Deficit) or Reserve,Number of Earths required,Number of Countries required,actual Country Overshoot Day 2018
Afghanistan,3A,53.9,64.486,0.509,564.6173825,Middle East/Central Asia,LI,37.17189844,0.139392867,0.157739831,0.052033927,8.3972E-05,0.028433398,0.090303147,0.467987142,0.269787812,0.165095142,0.062878631,0.001059565,0.028433398,0.155000803,0.682255352,0.139392867,0.157739831,0.014376868,0,0.028433398,0.339942964,-0.342312387,0.431091311,2.006970062,
Albania,3A,71,78.458,0.792,5046.032611,Other Europe,UM,2.88273999,0.362065115,0.195717639,0.163174488,0.018086734,0.04224762,0.639822238,1.421113833,0.547458324,0.195847929,0.207561323,0.040594971,0.04224762,0.852747856,1.886458023,0.362065115,0.195717639,0.310590492,0.082072359,0.04224762,0.992693225,-0.893764798,1.19198136,1.900343404,43407.21284
Algeria,3A,70.9,76.693,0.746,4759.830054,Africa,UM,42.22839844,0.249653045,0.108329191,0.079856899,0.008417109,0.037283149,1.200642297,1.68418169,0.642916868,0.150201265,0.163527535,0.013792763,0.037283149,1.333187136,2.340908715,0.249653045,0.249356358,0.025332506,0.00754137,0.037283149,0.569166426,-1.771742289,1.479131537,4.112872099,43347.76642
Angola,3A,50.3,60.782,0.582,3233.902767,Africa,LM,30.80980078,0.210919267,0.054546374,0.086584432,0.078892022,0.046437427,0.201849769,0.679229292,0.329742116,0.075852851,0.089536691,0.091382906,0.046437427,0.228892681,0.861844673,0.210919267,0.918249423,0.485999727,0.175160477,0.046437427,1.836766321,0.974921648,0.544566999,0.469218464,
Antigua and Barbuda,2B,,76.885,0.772,15134.91009,Central America/Caribbean,HI,0.096286003,,,,,,,1.910372799,,,,,,,4.65509242,,,,,,0.856508776,-3.798583643,2.941376551,5.434961728,43225.09156
Argentina,3A,72.8,76.52,0.842,10076.39541,South America,UM,44.36110156,2.207423131,0.969692209,0.250687823,0.174033948,0.092705246,1.381537229,5.076079587,0.908613949,0.717146942,0.276677713,0.08359322,0.092705246,1.233009028,3.311746098,2.207423131,1.721421363,0.60991216,1.548194296,0.092705246,6.179656197,2.867910099,2.0925669,0.535911059,43275.42692
Armenia,3A,71.8,74.945,0.771,4406.741763,Middle East/Central Asia,LM,2.95175,0.208557325,0.156551688,0.198052714,4.41356E-05,0.035762932,0.652324421,1.251293216,0.482838528,0.201365023,0.267196015,0.0007562,0.035762932,0.912473417,1.900392117,0.208557325,0.263464504,0.092649369,0.015682325,0.035762932,0.616116456,-1.28427566,1.200785786,3.084469012,43404.96762
Australia,3A,75.6,82.7488,0.943,57032.23705,Asia-Pacific,HI,24.89819922,1.921157918,2.413254817,0.984092571,0.041369172,0.040870354,5.445939304,10.84668414,0.76599486,0.522429084,0.947138882,0.11282207,0.040870354,4.696783702,7.086038951,1.921157918,4.613393328,1.959529206,2.936743398,0.040870354,11.4716942,4.385655253,4.477399573,0.617697685,43182.52053
Austria,3A,82.1,81.6927,0.921,49711.01453,EU,HI,8.891389648,0.519068701,0.144925247,1.31108456,5.99368E-05,0.131240905,2.513095839,4.619475188,0.75180032,0.269214364,0.919378384,0.056384393,0.131240905,3.936441187,6.064459553,0.519068701,0.144925247,1.877495539,0.002955643,0.131240905,2.675686034,-3.388773519,3.831902251,2.266506412,43196.25295
Azerbaijan,3A,72.4,72.864,0.754,5795.021657,Middle East/Central Asia,UM,9.949540039,0.435543824,0.173177123,0.016226656,0.000289619,0.056911876,1.114565734,1.796714833,0.591934801,0.222369954,0.127092964,0.010219862,0.056911876,1.051545321,2.060074778,0.435543824,0.173177123,0.10707279,0.014455742,0.056911876,0.787161355,-1.272913423,1.30168321,2.617093389,43381.40617
Bahamas,3A,,73.752,0.812,28845.52102,Central America/Caribbean,HI,0.385636993,0.049306763,0.002349988,0.063665504,0.054176856,0.04253078,1.7110754,1.92310529,0.580121173,0.276781914,0.220928673,0.11421525,0.04253078,3.049948195,4.284525984,0.049306763,0.002349988,1.099231002,7.981965165,0.04253078,9.175383697,4.890857713,2.707229659,0.466958781,43235.82417
Bahrain,3A,66.1,77.163,0.852,21477.97066,Middle East/Central Asia,HI,1.569449951,0.006860456,0,0.001742952,0.026571856,0.069380979,7.187054852,7.291611094,0.590591677,0.307914737,0.219729538,0.08023726,0.069380979,6.905033914,8.172888106,0.006860456,0,0.00077537,0.388243106,0.069380979,0.465259911,-7.707628195,5.164138381,17.56628481,43171.67975
Bangladesh,3A,63.5,72.32,0.625,1202.153962,Asia-Pacific,LI,161.377,0.273862595,0.003197946,0.061930717,0.021760882,0.081455844,0.191779706,0.633987689,0.385748168,0.005440179,0.081785111,0.02700484,0.081455844,0.322460086,0.903894227,0.273862595,0.003197946,0.005128131,0.051223423,0.081455844,0.414867939,-0.489026289,0.57113652,2.178751701,
Barbados,3A,68.4,79.081,0.81,16136.91043,Central America/Caribbean,HI,0.286640991,0.067419993,0.003161593,0.020765336,0.072331937,0.05427166,1.686199896,1.904150416,0.575687411,0.283128381,0.12874508,0.272113332,0.05427166,2.655709205,3.969655069,0.067419993,0.003161593,0.018273383,0.043039482,0.05427166,0.186166112,-3.783488957,2.508274656,21.32318834,43246.51835
Belarus,3A,78.8,74.1756,0.823,6607.808124,Other Europe,UM,9.452620117,0.854818813,0.249903135,1.684791369,0.000351119,0.049761524,2.263102193,5.102728153,0.713218302,0.124496003,1.317421528,0.07134613,0.049761524,2.126735363,4.40297885,0.854818813,0.249903135,1.6850849,0.0178146,0.049761524,2.857382971,-1.545595878,2.782075537,1.540913099,43232.19701
Belgium,3A,82.2,81.5951,0.93,46768.04017,EU,HI,11.4822002,0.290762899,0.033216934,0.290377779,0.013942882,0.133779704,2.894667947,3.656748145,1.10036583,0.408781676,0.564127271,0.094978505,0.133779704,4.563600668,6.865633655,0.290762899,0.033216934,0.26228513,0.041856057,0.133779704,0.761900724,-6.10373293,4.338133816,9.011191924,43185.13756
Belize,2A,64.4,74.496,0.714,4217.207618,Central America/Caribbean,UM,0.383071014,0.508001299,0.194245823,0.198326909,5.204306641,0.000522417,0.376702381,6.48210547,0.507990847,0.274985048,0.303777,5.144392863,0.000522417,1.640792045,7.872460219,0.508001299,0.194245823,1.875070006,0.93602518,0.000522417,3.513864725,-4.358595494,4.97430938,2.240399342,43174.37702
Benin,3A,49.9,61.47,0.541,1211.319112,Africa,LI,11.485,0.607541817,0.032145828,0.239971029,0.040518941,0.052606867,0.233660366,1.206444849,0.778173504,0.035592713,0.236790879,0.106953093,0.052606867,0.39732221,1.607439265,0.607541817,0.032145828,0.207890885,0.019640984,0.052606867,0.919826381,-0.687612884,1.015679977,1.747546382,43460.36516
Bhutan,3A,70,71.46,0.649,3128.854115,Asia-Pacific,LM,0.754388,0.22388675,0.302771717,2.732837722,2.40487E-06,0.214329253,0.796209316,4.270037163,0.541126601,0.379141701,2.792809633,0.029222167,0.214329253,1.202140283,5.158769638,0.22388675,0.339840183,4.187320087,0.012079016,0.214329253,4.977455289,-0.18131435,3.259631105,1.036427118,43212.97586
Bolivia,3A,67.6,71.239,0.714,2559.521276,South America,LM,11.35309961,0.639294965,1.615463086,0.172084705,0.000992459,0.064749613,0.697365341,3.18995017,0.476111575,1.607141773,0.201783009,0.009494315,0.064749613,0.749221758,3.108502043,0.639294965,2.012863038,11.47965011,0.049056348,0.064749613,14.24561408,11.13711203,1.964144682,0.218207655,43286.83152
Bosnia and Herzegovina,3A,73.7,77.262,0.777,6096.909507,Other Europe,UM,3.323929932,0.470343415,0.196021949,0.814962169,0.000139715,0.030486173,2.399563904,3.911517326,0.864589331,0.372742174,0.635469037,0.0253766,0.030486173,1.963569623,3.892232938,0.470343415,0.241145429,1.253434931,0.003901983,0.030486173,1.999311931,-1.892921007,2.459354544,1.94678623,43249.41292
Botswana,3A,61.9,69.275,0.73,8032.89137,Africa,UM,2.254070068,0.059231327,0.538885541,0.149347307,7.34573E-06,0.029193166,1.106666012,1.883330697,0.304045375,0.078363411,0.219298397,0.009487623,0.029193166,1.728867884,2.369255857,0.059231327,2.211453372,0.759826421,0.242554957,0.029193166,3.302259244,0.933003387,1.497043021,0.71746513,43344.81397
Brazil,3A,71.3,75.672,0.762,11075.62456,South America,UM,209.469,1.178646831,0.819089642,0.745900823,0.03147431,0.12855616,0.730371634,3.6340394,0.593462964,0.656062246,0.465568715,0.040953293,0.12855616,0.703355808,2.587959185,1.178646831,0.819089642,6.321653671,0.161414177,0.12855616,8.60936048,6.021401295,1.635233369,0.300598307,43324.20973
Brunei Darussalam,3A,68.3,75.722,0.836,31436.74303,Asia-Pacific,HI,0.428963013,0.015183684,0.010542354,0.138670409,0.252558803,0.02185995,5.771861528,6.210676727,0.520176432,0.287176006,0.202323039,0.417119472,0.02185995,3.966714048,5.415368948,0.015183684,0.010542354,1.469091845,1.195577127,0.02185995,2.712254959,-2.703113988,3.421766488,1.996629752,43207.67005
Bulgaria,2A,73.8,74.9634,0.813,8642.04078,EU,UM,7.051609863,1.713550729,0.083753515,0.5145318,0.002668177,0.171560419,2.105824259,4.591888898,0.706830983,0.179062758,0.462172256,0.03700322,0.171560419,2.064440243,3.621069879,1.713550729,0.090382056,1.178105454,0.122703742,0.171560419,3.276302401,-0.344767478,2.28801688,1.105230664,43260.5268
Burkina Faso,3A,53.5,61.174,0.443,800.3139002,Africa,LI,19.7515,0.548195216,0.141871592,0.312149206,0.004176894,0.071564097,0.078631536,1.156588542,0.498846402,0.141710295,0.313284146,0.046789391,0.071564097,0.189091875,1.261286206,0.548195216,0.141871592,0.236016066,0.001144137,0.071564097,0.998791109,-0.262495097,0.796958972,1.262812809,
Burundi,3A,51.8,61.247,0.431,210.8040802,Africa,LI,11.17540039,0.400638268,0.058213734,0.241266724,0.001572785,0.071094937,0.015007351,0.7877938,0.412325453,0.059084636,0.242643092,0.003184566,0.071094937,0.045127634,0.833460317,0.400638268,0.058213734,0.008447212,0.007012319,0.071094937,0.54540647,-0.288053847,0.526632001,1.528145269,
Cabo Verde,2B,68.1,72.782,0.663,3740.002413,Africa,LM,0.543767029,,,,,,,1.608580898,,,,,,,1.834152223,,,,,,0.474331616,-1.359820607,1.158931307,3.86681419,43415.94533
Cambodia,2B,64.5,69.57,0.585,1202.624047,Asia-Pacific,LI,16.2497998,,,,,,,1.314573091,,,,,,,1.501408069,,,,,,1.195594155,-0.305813915,0.948682881,1.25578405,
Cameroon,3A,55.3,58.921,0.56,1502.167202,Africa,LM,25.21630078,0.573293252,0.082153989,0.263563136,0.043463238,0.064927348,0.099834369,1.127235333,0.567804778,0.08715548,0.208839726,0.096426918,0.064927348,0.188677012,1.213831261,0.573293252,0.082153989,0.807051128,0.06663086,0.064927348,1.594056577,0.380225316,0.76697399,0.761473136,
Canada,3A,79.2,82.0488,0.928,51517.74853,North America,HI,37.07460156,2.75137036,0.335031896,2.924984466,0.176004284,0.090477613,5.446329925,11.72419854,0.89316919,0.288667957,1.356073785,0.146312492,0.090477613,5.29034867,8.065049706,2.75137036,0.335031896,8.331697491,3.228034733,0.090477613,14.73661209,6.671562388,5.095999381,0.547279772,43172.62481
Central African Republic,3A,38.3,52.805,0.395,379.3655359,Africa,LI,4.666370117,0.295875145,0.551184166,0.28726763,0.009462683,0.038127605,0.02652341,1.208440638,0.316095053,0.537719997,0.259781214,0.017237865,0.038127605,0.034867218,1.203828952,0.295875145,0.551184166,6.623001198,0,0.038127605,7.508188114,6.304359161,0.76065391,0.160335481,
Chad,3A,40.9,53.977,0.397,812.0198635,Africa,LI,15.4777002,0.383660558,0.92367547,0.228610594,0.010526229,0.058341384,0.037380811,1.642195046,0.386437962,0.91765112,0.228765076,0.010745323,0.058341384,0.049384996,1.651325861,0.383660558,0.92367547,0.280083387,0.058402516,0.058341384,1.704163315,0.052837455,1.043410254,0.968995076,43450.81447
Chile,3A,77.1,80.042,0.849,15110.0961,South America,UM,18.72919922,0.325363404,0.198512049,2.088155528,0.359350555,0.116853294,1.665479039,4.753713869,0.601555196,0.419376316,1.087509334,0.172755478,0.116853294,1.895156727,4.293206344,0.325363404,0.417846246,2.120942058,0.354819635,0.116853294,3.335824637,-0.957381707,2.712714449,1.287000011,43235.55157
China,3A,72.1,76.704,0.755,7468.92516,Asia-Pacific,UM,1459.38,0.454208228,0.099113374,0.128528872,0.063680987,0.107280341,2.599621391,3.452433193,0.569592307,0.144927293,0.223991873,0.071745852,0.107280341,2.679195681,3.796733348,0.454208228,0.099113374,0.221132844,0.041662646,0.107280341,0.923397434,-2.873335914,2.399011971,4.111700131,43253.14597
Colombia,3A,70.6,77.109,0.764,7692.152796,South America,UM,49.661,0.249719607,0.629378279,0.083500508,0.023028308,0.036221459,0.529525588,1.551373749,0.380052459,0.613313435,0.114432191,0.040899227,0.036221459,0.671709185,1.856627956,0.249719607,1.099141593,1.988300717,0.065703374,0.036221459,3.439086749,1.582458793,1.173132871,0.539860751,43412.1327
Comoros,2B,,64.118,0.552,1402.738327,Africa,LI,0.832322021,,,,,,,0.889176856,,,,,,,1.193375152,,,,,,0.352037536,-0.841337616,0.75404855,3.389908831,
Congo,3A,52.9,64.29,0.573,2303.979955,Africa,LM,5.244359863,0.125635323,0.041974394,0.428541876,0.096027447,0.035224903,0.212882319,0.940286262,0.272559187,0.071847417,0.283098252,0.145445371,0.035224903,0.219899449,1.028074579,0.125635323,2.533423189,5.791087321,0.292238215,0.035224903,8.777608952,7.749534372,0.64960138,0.117124673,
"Congo, Democratic Republic of",3A,49.3,60.368,0.478,418.9888834,Africa,LI,84.06810156,0.20888557,0.008351025,0.422197691,0.005295297,0.060851822,0.009275174,0.714856578,0.224335308,0.010073982,0.421817933,0.015980698,0.060851822,0.048968861,0.782028604,0.20888557,0.250075268,1.603648608,0.036078426,0.060851822,2.159539694,1.37751109,0.49413425,0.362127451,
Costa Rica,3A,73.6,80.095,0.808,9936.593015,Central America/Caribbean,UM,4.999439941,0.362838023,0.271990944,0.429596457,0.046185787,0.089595768,0.558865305,1.759072282,0.378971683,0.206490981,0.661118264,0.098164229,0.089595768,1.01190618,2.446247106,0.362838023,0.271990944,0.663899097,0.11414053,0.089595768,1.50246436,-0.943782745,1.545690875,1.628156494,43337.14036
Côte d'Ivoire,3A,57.6,57.422,0.534,1667.943185,Africa,LM,25.06919922,1.07573301,0.018659277,0.205224971,0.041932957,0.110831564,0.151203949,1.603585728,0.573612921,0.044412518,0.215035431,0.189740969,0.110831564,0.262749441,1.396382844,1.07573301,0.460986541,0.108047998,0.032894163,0.110831564,1.788493276,0.392110433,0.88232142,0.780759348,
Croatia,3A,80.4,78.0707,0.848,15707.70415,Other Europe,HI,4.156399902,0.707251724,0.03287639,0.772826226,0.047176361,0.077944082,1.431892772,3.069967555,0.621641786,0.178736184,0.648162338,0.078068686,0.077944082,2.276311498,3.880864573,0.707251724,0.139069746,1.563229441,0.34499739,0.077944082,2.832492383,-1.04837219,2.452171305,1.370123569,43249.84768
Cuba,3A,73.7,78.726,0.781,6816.918413,Central America/Caribbean,UM,11.33809961,0.252166932,0.089442482,0.075351027,0.011855078,0.024891444,0.802846072,1.256553036,0.539500017,0.11573156,0.083136038,0.0265939,0.024891444,0.97125167,1.761104629,0.252166932,0.089442482,0.23709803,0.164884617,0.024891444,0.768483505,-0.992621124,1.112775299,2.291662239,43429.00872
Cyprus,2B,74.9,80.828,0.885,23394.93937,EU,HI,1.18927002,,,,,,,2.099204065,,,,,,,3.850167883,,,,,,0.205836195,-3.644331688,2.43277523,18.70500899,43251.03441
Czech Republic,3A,81.4,79.0293,0.898,23720.89927,EU,HI,10.6657002,0.852452414,0.078305096,1.545319975,0.001489426,0.123454605,3.342083042,5.943104558,0.656119264,0.329684497,1.075743027,0.039108034,0.123454605,3.493523518,5.717632944,0.852452414,0.078305096,1.273017284,0.001995767,0.123454605,2.329225165,-3.388407779,3.612755657,2.454736034,43202.03091
Denmark,3A,84.9,80.9537,0.939,64671.69685,EU,HI,5.752129883,1.35691123,0.009036108,0.350006813,0.572613727,0.158076648,1.94824709,4.394891616,0.702308676,0.46932395,1.061159595,0.812304626,0.158076648,3.450213859,6.653387354,1.35691123,0.009036108,0.338960316,1.755308824,0.158076648,3.618293125,-3.035094228,4.204023419,1.838819334,43187.82159
Djibouti,2A,53.8,66.582,0.518,-,Africa,LM,0.958922974,0.016971697,0.208936671,0.157164627,0.024513644,0.215456551,0.284709056,0.907752246,1.493247116,0,0.300297709,0.033556834,0.215456551,0.395830036,2.438388246,0.016971697,0.208936671,0.001985512,0.270715061,0.215456551,0.714065493,-1.724322753,1.540725159,3.414796358,43337.90143
Dominica,2B,,,0.738,6696.544503,Central America/Caribbean,UM,0.071625,,,,,,,1.318458196,,,,,,,2.458398657,,,,,,1.140675338,-1.317723319,1.55336898,2.155213299,43335.97315
Dominican Republic,3A,70.8,73.892,0.751,7697.772958,Central America/Caribbean,UM,10.62709961,0.307819792,0.107435402,0.039261314,0.01094389,0.063000867,0.800205152,1.328666417,0.393476427,0.132922539,0.126868033,0.040676308,0.063000867,1.011899611,1.768843785,0.307819792,0.107435402,0.166033509,0.023502637,0.063000867,0.667792208,-1.101051577,1.117665379,2.648793688,43427.57359
Ecuador,2B,72.5,76.8,0.762,5180.585679,South America,UM,17.08440039,,,,,,,2.266001091,,,,,,,1.702467869,,,,,,1.88578879,0.183320921,1.075724952,0.902788201,43440.30606
Egypt,2B,68.6,71.825,0.701,2905.807098,Africa,LM,98.42360156,,,,,,,1.309289315,,,,,,,1.83631018,,,,,,0.365710103,-1.470600077,1.160294838,5.021218076,43415.57522
El Salvador,3A,67.9,73.096,0.67,3507.051357,Central America/Caribbean,LM,6.42075,0.210416398,0.099345372,0.316521337,0.196585892,0.042399883,0.3560472,1.221316082,0.440008725,0.1929943,0.419115179,0.142865894,0.042399883,0.790651992,2.028035975,0.210416398,0.139388774,0.087567337,0.109250647,0.042399883,0.589023039,-1.439012935,1.281439104,3.443050338,43385.83601
Equatorial Guinea,2A,,58.402,0.582,10134.68628,Africa,HI,1.308969971,0.080155407,0.005354462,0.817995532,0.014438987,0.023078122,1.531234864,2.472257374,0.239755025,0.02406641,0.151856723,0.051753436,0.023078122,1.531234864,2.021744581,0.080155407,0.082529583,2.60265053,0.56796566,0.023078122,3.356379302,1.334634721,1.277463811,0.602358792,43386.72238
Eritrea,3A,,65.941,0.456,-,Africa,LI,3.452790039,0.134224582,0.327680453,0.113810919,0.029334539,0.043237773,0.083702,0.731990266,0.213612074,0.328630878,0.11632798,0.029153833,0.043237773,0.083702,0.814664537,0.134224582,0.327680453,0.103791011,1.64564456,0.043237773,2.254578379,1.439913843,0.514755659,0.361337864,
Estonia,3A,81.6,78.2439,0.889,19918.66411,EU,HI,1.322920044,0.89278404,0.102397017,5.274163731,0.251423492,0.082423027,3.96309303,10.56628434,0.29391991,0.163656747,4.033952602,0.077121723,0.082423027,3.358366497,8.009440506,0.89278404,0.102397017,3.989185714,4.264996746,0.082423027,9.331786545,1.322346039,5.060862034,0.858296583,43173.1221
Eswatini,3A,53.3,59.401,0.605,4761.59033,Africa,LM,1.136280029,0.279356724,0.4015576,1.174509172,8.71011E-05,0.069788899,0.365782192,2.291081688,0.438546377,0.465571737,0.977699149,0.018871609,0.069788899,0.493417776,2.463895547,0.279356724,0.553812714,0.048305668,0.005132405,0.069788899,0.95639641,-1.507499137,1.556842256,2.576228351,43335.44893
Ethiopia,3A,54.5,66.24,0.478,570.6548011,Africa,LI,109.224,0.334250129,0.10064526,0.404952485,0.001403421,0.067530578,0.050354355,0.959136228,0.347019754,0.099524411,0.407392763,0.00145001,0.067530578,0.097606765,1.020524281,0.334250129,0.10064526,0.053205131,0.002322289,0.067530578,0.557953387,-0.462570893,0.644830633,1.82904935,
Fiji,3A,71.2,67.341,0.742,4794.682114,Asia-Pacific,UM,0.883482971,0.169387178,0.089754062,0.644178579,0.527720871,0.025833442,0.451843599,1.908717731,0.427076485,0.217241182,0.7656324,0.534658021,0.025833442,0.696886938,2.667328468,0.169387178,0.089754062,1.409901042,0.646921099,0.025833442,2.341796822,-0.325531646,1.685383813,1.139009347,43317.56788
Finland,3A,85.9,81.7341,0.937,48890.19194,EU,HI,5.522580078,0.568349076,0.076932346,8.136007725,0.147421146,0.096522069,2.831679976,11.85691234,0.716764084,0.187605542,1.160750471,0.207071531,0.096522069,4.074750475,6.443464173,0.568349076,0.076932346,9.127250232,2.269386062,0.096522069,12.13843979,5.694975614,4.071380913,0.530831333,43190.65017
France,3A,81.7,82.7244,0.898,45056.68277,EU,HI,65.02919922,1.089319253,0.157550574,0.414529589,0.138505105,0.151290028,1.681278187,3.632472737,0.791202474,0.243761705,0.509444271,0.217009735,0.151290028,2.508323108,4.421031321,1.089319253,0.157550574,0.871603839,0.110223215,0.151290028,2.379986909,-2.041044412,2.79348221,1.857586403,43231.66129
French Guiana,2A,,,,,South America,,0.282937988,0.089147877,0.057279948,0.381224677,0.069496626,0.005051907,0.733013175,1.335214211,0.089147877,0.057279948,0.372336957,0.069496626,0.005051907,1.28510464,1.878417955,0.089147877,0.066529067,78.24551954,13.73367199,0.005051907,92.13992038,90.26150242,1.186901146,0.020386581,43408.5235
French Polynesia,2B,,77.462,,-,Asia-Pacific,HI,0.277678986,,,,,,,2.124095402,,,,,,,3.995740718,,,,,,1.305752297,-2.689988421,2.524757189,3.060106215,43245.56836
Gabon,2A,62.8,66.187,0.697,9051.324193,Africa,UM,2.11927002,0.242869622,0.021712258,0.856456057,0.062002762,0.040632233,0.405671874,1.629344806,0.501665026,0.128142597,0.543314426,0.157832838,0.040632233,0.581752217,1.953339338,0.242869622,1.020464485,15.35992044,2.259340248,0.040632233,18.92322703,16.96988769,1.234241129,0.103224431,43396.72827
Gambia,3A,59.3,61.735,0.487,791.4555699,Africa,LI,2.280090088,0.133736754,0.030666619,0.147233754,0.079442522,0.018200941,0.091173608,0.500454199,0.460530932,0.050473764,0.141443538,0.077008497,0.018200941,0.293079662,1.040737334,0.133736754,0.030666619,0.082260822,0.250954227,0.018200941,0.515819364,-0.52491797,0.657602495,2.017639133,
Georgia,2A,72.2,73.6,0.805,4407.485563,Middle East/Central Asia,LM,4.002939941,0.130682026,0.210489358,0.065582545,0.19358458,0.047310425,0.909794894,1.557443829,0.390931744,0.176733382,0.136249525,0.194319627,0.047310425,1.374363872,2.319908575,0.130682026,0.395360675,0.641233756,0.04903832,0.047310425,1.263625202,-1.056283373,1.465862344,1.835915089,43350.00019
Germany,3A,82.5,80.8927,0.946,47158.23601,EU,HI,83.12439844,0.532445131,0.081539512,0.54285907,0.026264446,0.12882417,2.970487295,4.282419624,0.692994815,0.187526154,0.5775153,0.043506767,0.12882417,3.041970615,4.672337821,0.532445131,0.081539512,0.678891103,0.07221766,0.12882417,1.493917576,-3.178420245,2.952273267,3.127574035,43224.63354
Ghana,3A,62.5,63.78,0.606,1808.328682,Africa,LM,29.76709961,0.753691144,0.059457481,0.666246343,0.114841556,0.094041199,0.20518879,1.893466514,0.585513633,0.075819343,0.675229786,0.178237797,0.094041199,0.395822774,2.004664532,0.753691144,0.193536042,0.207244223,0.051256032,0.094041199,1.29976864,-0.704895891,1.266671575,1.542324126,43389.15678
Greece,3A,75.4,81.7878,0.881,24044.40091,EU,HI,10.5222002,0.567387698,0.149852671,0.065790544,0.044834694,0.049505382,2.144093203,3.021464192,0.702938901,0.377461489,0.302572964,0.101197554,0.049505382,2.565379008,4.099055298,0.567387698,0.149852671,0.21935891,0.18210848,0.049505382,1.168213141,-2.930842157,2.590037758,3.50882485,43241.92459
Grenada,2B,,72.384,0.773,9091.732718,Central America/Caribbean,UM,0.111454002,,,,,,,1.695069943,,,,,,,2.536141982,,,,,,2.098153395,-0.437988587,1.602492042,1.208749555,43328.77024
Guadeloupe,2B,,,,,Central America/Caribbean,,0.399847992,,,,,,,2.114427028,,,,,,,3.617298272,,,,,,0.514995007,-3.102303266,2.285633744,7.023948243,43260.69313
Guatemala,3A,59.9,74.063,0.657,3164.177317,Central America/Caribbean,LM,17.24780078,0.414234622,0.139119143,0.48345984,0.021751149,0.085763177,0.358558011,1.502885943,0.413515325,0.160352895,0.570213142,0.026855815,0.085763177,0.563132014,1.819832369,0.414234622,0.139119143,0.284525305,0.040878379,0.085763177,0.964520626,-0.855311743,1.149883133,1.886773926,43418.42356
Guinea,3A,51,61.185,0.473,897.1186595,Africa,LI,12.4142998,0.464089244,0.48327992,0.411296678,0.086963871,0.05979399,0.075352626,1.580776329,0.616641405,0.492293944,0.412389151,0.085629984,0.05979399,0.177267441,1.844015915,0.464089244,0.694660276,0.558303023,0.28139794,0.05979399,2.058244473,0.214228557,1.1651638,0.895916855,43414.26068
Guinea-Bissau,3A,,58.003,0.472,622.6911218,Africa,LI,1.874300049,0.61343333,0.077655434,0.63112054,0.012787846,0.088748859,0.059346284,1.483092293,0.568370246,0.079981126,0.627770398,0.003139636,0.088748859,0.099031674,1.46704194,0.61343333,0.077655434,0.294475368,1.591544837,0.088748859,2.665857828,1.198815889,0.926968226,0.550307644,
Guyana,3A,57.9,69.774,0.68,5825.025877,South America,LM,0.779005981,1.007838119,0.056442321,0.677808708,0.069398824,0.087245545,1.062567176,2.961300693,0.884313395,0.090071591,0.577209866,0.039144364,0.087245545,1.729191821,3.407176582,1.007838119,0.977860852,65.40438232,5.225892708,0.087245545,72.70321954,69.29604296,2.152865808,0.046864177,43270.54145
Haiti,3A,51.4,63.66,0.508,1282.238902,Central America/Caribbean,LI,11.1232002,0.154639544,0.029667281,0.086762148,0.002406714,0.024839005,0.104943042,0.403257734,0.32567401,0.039874575,0.098211049,0.019751562,0.024839005,0.128987739,0.63733794,0.154639544,0.029667281,0.026424145,0.010995748,0.024839005,0.246565723,-0.390772217,0.4027097,2.584860261,
Honduras,2B,62.8,75.088,0.633,2219.43746,Central America/Caribbean,LM,9.587519531,,,,,,,1.371073248,,,,,,,1.574554706,,,,,,1.73681577,0.162261065,0.99490147,0.906575546,
Hungary,2A,78.8,76.0659,0.85,16894.154,EU,HI,9.7075,1.579886783,0.023080708,0.326661696,0.002134534,0.178949176,1.742000675,3.852713572,0.741274264,0.076748428,0.439703054,0.025270342,0.178949176,2.403924485,3.86586975,1.579886783,0.083131068,0.723008287,0.006668403,0.178949176,2.571643718,-1.294226032,2.442696644,1.503268016,43250.42502
India,3A,60.1,69.416,0.642,2084.811923,Asia-Pacific,LM,1352.64,0.343792555,0.003092141,0.109982927,0.022006909,0.051241155,0.628086266,1.158201953,0.339696202,0.007418747,0.118340278,0.016353391,0.051241155,0.676506728,1.209556501,0.343792555,0.003092141,0.020490744,0.02695171,0.051241155,0.445568305,-0.763988196,0.764272932,2.71463766,
Indonesia,3A,66.3,71.509,0.712,4296.318989,Asia-Pacific,LM,267.671,0.512430768,0.01707288,0.269002079,0.261174368,0.061119006,0.736910404,1.857709504,0.49868241,0.042726674,0.182644735,0.229114552,0.061119006,0.702893674,1.717181051,0.512430768,0.052133097,0.269884735,0.344678094,0.061119006,1.240245699,-0.476935352,1.085021654,1.384549088,43437.39882
"Iran, Islamic Republic of",2A,70,76.479,0.785,6442.526789,Middle East/Central Asia,UM,81.80020313,0.347726615,0.066210401,0.003667484,0.185180459,0.072262641,2.636458421,3.311506021,0.561129417,0.0959904,0.04821997,0.162093707,0.072262641,2.318828581,3.258524715,0.347726615,0.066210401,0.057621337,0.181347044,0.072262641,0.725168038,-2.533356677,2.058938325,4.493475364,43278.27583
Iraq,2A,63.8,70.454,0.671,5463.968805,Middle East/Central Asia,LM,38.43360156,0.079560779,0.016075147,0.002223245,0.001545877,0.018912582,1.169660571,1.287978202,0.377793884,0.049171864,0.024288153,0.010236324,0.018912582,1.283928241,1.764331047,0.079560779,0.016075147,0.03957816,0.002048276,0.018912582,0.156174945,-1.608156102,1.114813951,11.29714532,43428.40889
Ireland,2A,81,82.2561,0.951,77406.93104,EU,HI,4.818689941,0.388757881,0.730523137,0.496037792,0.384090586,0.077059505,2.658308824,4.734777725,0.939299173,0.32440116,0.594408198,0.14972213,0.077059505,3.166011512,5.250901679,0.388757881,0.730523137,0.457542214,1.418880613,0.077059505,3.07276335,-2.178138329,3.317845851,1.708853264,43211.01114
Israel,3A,75,82.8024,0.916,36866.82335,Middle East/Central Asia,HI,8.381519531,0.102443192,0.006076944,0.0021599,0.001076741,0.034360969,2.553073872,2.699191619,0.720386949,0.323882251,0.298623285,0.081221658,0.034360969,3.200943445,4.659418557,0.102443192,0.006076944,0.025675395,0.014640234,0.034360969,0.183196734,-4.476221824,2.944110074,25.43396086,43224.97634
Italy,3A,78.8,83.3463,0.89,35277.49799,EU,HI,60.66189844,0.373693207,0.033288418,0.09263544,0.022668577,0.041642444,1.866110739,2.430038825,0.765745678,0.282116677,0.466807362,0.135451617,0.041642444,2.618768843,4.310532621,0.373693207,0.033288418,0.312043397,0.060803402,0.041642444,0.821470868,-3.489061753,2.723662267,5.247334739,43235.01074
Jamaica,3A,69,74.368,0.734,4855.273532,Central America/Caribbean,UM,2.934850098,0.111248233,0,0.101302675,0.006202783,0.033178154,0.999181924,1.251113769,0.423745729,0.083304652,0.17677395,0.090268408,0.033178154,0.826584923,1.633855816,0.111248233,0,0.166891631,0.107362413,0.033178154,0.418680431,-1.215175385,1.032371595,3.902393557,43454.55487
Japan,3A,79.8,84.211,0.917,48505.52664,Asia-Pacific,HI,127.202,0.084842002,3.06993E-05,0.144963166,0.164612138,0.060490381,3.110110181,3.565048567,0.439604145,0.122229939,0.226045669,0.259038958,0.060490381,3.500283294,4.607692386,0.084842002,0.007452168,0.339437266,0.099871565,0.060490381,0.592093382,-4.015599004,2.911426266,7.782036623,43226.36811
Jordan,3A,70.1,74.405,0.728,3306.657384,Middle East/Central Asia,UM,9.965320313,0.054573495,0.012390494,0.014067298,0.000616064,0.06361002,0.851309767,0.996567138,0.434926051,0.126572178,0.130518294,0.0235079,0.06361002,0.977921417,1.75705586,0.054573495,0.012390494,0.018039566,0.002037995,0.06361002,0.15065157,-1.60640429,1.110217035,11.6630438,43429.76455
Kazakhstan,3A,71.6,73.15,0.819,11135.61455,Middle East/Central Asia,UM,18.31959961,1.557376753,0.144391019,0.010253295,0.017018062,0.049396118,4.098186421,5.876621669,0.919087105,0.164912577,0.060845823,0.02310552,0.049396118,3.733538568,4.950885713,1.557376753,1.703414633,0.214119941,0.050142425,0.049396118,3.574449871,-1.376435842,3.128277128,1.385076275,43217.67764
Kenya,3A,60.6,66.342,0.599,1201.476441,Africa,LI,51.39260156,0.200280858,0.19841767,0.207674832,0.022150554,0.042731331,0.120487797,0.791743041,0.267125721,0.196572059,0.227498935,0.024660666,0.042731331,0.243520382,1.002109094,0.200280858,0.19841767,0.011652602,0.015596954,0.042731331,0.468679414,-0.53342968,0.633194774,2.138154703,
"Korea, Democratic People's Republic of",3A,,72.095,,-,Asia-Pacific,LI,25.54959961,0.193831976,0.001439712,0.132791252,0.016892086,0.047717524,0.710350613,1.103023163,0.243554203,0.002000366,0.135266042,0.027298562,0.047717524,0.710350613,1.166187311,0.193831976,0.001439712,0.223357153,0.091446356,0.047717524,0.55779272,-0.608394591,0.736869583,2.090718054,
"Korea, Republic of",3A,78.6,82.6268,0.914,28335.9752,Asia-Pacific,HI,51.17169922,0.115833907,0.000841145,0.059983954,0.313474646,0.054792558,4.340709868,4.885636079,0.688251278,0.184888535,0.22660506,0.429459812,0.054792558,4.732822589,6.316819832,0.115833907,0.000841145,0.088572782,0.383698925,0.054792558,0.643739318,-5.673080513,3.991359152,9.81269848,43192.44755
Kuwait,3A,62.5,75.398,0.807,33113.30262,Middle East/Central Asia,HI,4.137310059,0.021511936,0.005486297,0.001863918,0.00332986,0.180293068,7.718460495,7.930945573,0.670340625,0.27736305,0.20400117,0.085871238,0.180293068,6.481860847,7.899729998,0.021511936,0.005486297,0.002785317,0.291276847,0.180293068,0.501353465,-7.398376534,4.991540121,15.75680743,43174.12372
Kyrgyzstan,2A,74,71.4,0.696,1094.116023,Middle East/Central Asia,LI,6.304029785,0.424917988,0.210791165,0.003215628,1.819E-06,0.083749627,0.599923419,1.322599645,0.446365359,0.175179103,0.04566005,0.00451445,0.083749627,0.786083141,1.541551729,0.424917988,0.543429387,0.102162782,0.047116429,0.083749627,1.201376213,-0.340175516,0.974048139,1.283154862,
Lao People's Democratic Republic,3A,63,67.61,0.609,1785.58133,Asia-Pacific,LM,7.061509766,0.744426558,0.082840571,0.448903829,0.014100829,0.152221589,0.861961636,2.304455012,0.743437509,0.242819774,0.362939349,0.016440942,0.152221589,0.322027671,1.839886834,0.744426558,0.116994671,0.652271903,0.030969914,0.152221589,1.696884634,-0.1430022,1.16255479,1.084273378,43414.9637
Latvia,3A,79.2,74.7829,0.863,16252.39862,EU,HI,1.928459961,1.315545796,0.157505098,4.295845128,0.284350259,0.092116992,1.405372264,7.550735536,0.792463097,0.146518152,3.19164858,0.25642785,0.092116992,1.925999172,6.405173843,1.315545796,0.240059469,4.445196461,2.062752494,0.092116992,8.155671213,1.75049737,4.047186704,0.785364402,43191.1861
Lebanon,3A,66.8,78.875,0.747,6204.862959,Middle East/Central Asia,UM,6.859410156,0.125671968,0.030435914,0.001746535,0.00300246,0.053907915,1.366525911,1.581290703,0.581943834,0.330453242,0.146353125,0.042287344,0.053907915,1.808771744,2.963717203,0.125671968,0.030435914,0.038204254,0.004937828,0.053907915,0.253157878,-2.710559325,1.872660626,11.70699179,43295.90985
Lesotho,3A,54.6,53.705,0.522,1374.514375,Africa,LM,2.108330078,0.06891613,0.426778276,0.387397547,3.56494E-05,0.008082973,0.40979566,1.301006235,0.253515157,0.254983708,0.423464136,0.00805345,0.008082973,0.596044203,1.544143627,0.06891613,0.718018323,0.001815046,0,0.008082973,0.796832471,-0.747311155,0.975685861,1.937852286,
Liberia,2A,48.6,63.73,0.48,541.2712434,Africa,LI,4.818970215,0.139432727,0.02153183,0.784126761,0.043241233,0.034709586,0.071189095,1.094231232,0.288645224,0.033543218,0.761355517,0.051751399,0.034709586,0.072956738,1.242961682,0.139432727,0.333554566,2.201889676,0.279127381,0.034709586,2.988713936,1.745752254,0.7853804,0.415885129,
Libyan Arab Jamahiriya,3A,,72.724,0.721,8038.589086,Africa,UM,6.678560059,0.121274474,0.20992052,0.070868844,0.043447571,0.015264197,2.459471179,2.920246786,0.726751267,0.23781895,0.096128304,0.092637547,0.015264197,2.112534342,3.281134607,0.121274474,0.20992052,0.018009529,0.23478215,0.015264197,0.599250871,-2.681883736,2.073224659,5.475393975,43277.05424
Lithuania,3A,76.7,75.6805,0.876,17744.05083,EU,UM,2.80126001,1.857191842,0.145052481,1.522805277,0.134357921,0.123577089,1.632263423,5.415248034,0.846849657,0.339866908,1.351889581,0.208655247,0.123577089,3.129946118,6.000784599,1.857191842,0.146038294,2.302203918,0.320908092,0.123577089,4.749919235,-1.250865365,3.791668461,1.263344555,43197.26369
Luxembourg,3A,74.2,82.2951,0.913,111380.6495,EU,HI,0.604244995,0.296401959,0.072450154,0.470086104,0,0.084863257,5.340120914,6.263922389,0.842740338,0.600762026,1.588926288,0.137490716,0.084863257,9.695576386,12.95035901,0.296401959,0.072450154,0.753402715,0.000603217,0.084863257,1.207721302,-11.74263771,8.182841262,10.72296977,43145.60553
Madagascar,3A,49,66.681,0.527,490.0979586,Africa,LI,26.26230078,0.208615515,0.315627086,0.215441627,0.020234246,0.061678335,0.042488128,0.864084937,0.244842676,0.313680127,0.21809123,0.01848947,0.061678335,0.094271232,0.95105307,0.208615515,1.103992071,0.655478043,0.180545098,0.061678335,2.210309062,1.259255992,0.600934406,0.430280582,
Malawi,3A,51.4,63.798,0.478,515.1098154,Africa,LI,18.14319922,0.480070807,0.065684686,0.177599713,0.01970802,0.066612354,0.029391954,0.839067533,0.464461295,0.066385115,0.17820055,0.02105264,0.066612354,0.083661145,0.880373098,0.480070807,0.065684686,0.014172085,0.048616961,0.066612354,0.675156892,-0.205216205,0.556274409,1.303953359,
Malaysia,3A,70.9,75.997,0.805,12116.21416,Asia-Pacific,UM,31.528,0.72196571,0.001967314,0.35623179,0.411171947,0.070183455,2.649203178,4.210723393,0.708311653,0.133881272,0.360094745,0.43248018,0.070183455,2.554503133,4.259454438,0.72196571,0.016963767,0.572719426,0.779301378,0.070183455,2.161133736,-2.098320702,2.691387899,1.970935147,43236.61776
Mali,3A,52.2,58.893,0.431,778.7259789,Africa,LI,19.07769922,0.671913355,0.553318599,0.144038632,0.011621539,0.097459729,0.093360576,1.571712429,0.688032593,0.476009491,0.143437374,0.032710062,0.097459729,0.191385349,1.629034597,0.671913355,0.553318599,0.514359819,0.038211167,0.097459729,1.875262669,0.246228072,1.029325249,0.868696756,43455.60123
Malta,2B,75.7,82.4488,0.894,31603.55983,EU,HI,0.439247986,,,,,,,1.356756897,,,,,,,5.45122858,,,,,,0.485370073,-4.965858508,3.444424831,11.23107683,43206.96835
Martinique,2B,,,,,Central America/Caribbean,,0.375673004,,,,,,,2.029180708,,,,,,,3.493896182,,,,,,0.408065287,-3.085830895,2.207660638,8.562100956,43266.33338
Mauritania,2A,55.5,64.704,0.542,1703.863662,Africa,LM,4.403310059,0.109650546,1.439713864,0.190796856,0.406139034,0.058063032,0.279842312,2.484205644,0.45295273,1.306229714,0.196751741,0.079472205,0.058063032,0.423165804,2.516635226,0.109650546,2.512145099,0.054254462,1.186868595,0.058063032,3.920981734,1.404346508,1.590166462,0.641838039,43330.53572
Mauritius,2B,66.7,74.4163,0.801,10561.40012,Africa,UM,1.267189941,,,,,,,1.76567105,,,,,,,3.220002303,,,,,,0.66701931,-2.552982994,2.034597472,4.827449906,43280.39666
Mexico,3A,69.1,74.992,0.776,10381.08898,North America,UM,126.191,0.316974736,0.228653925,0.159127814,0.079978608,0.042964061,1.224696118,2.052395263,0.524909996,0.227248873,0.275353787,0.082510799,0.042964061,1.229474458,2.382461973,0.316974736,0.228653925,0.433337109,0.132673901,0.042964061,1.154603733,-1.22785824,1.505387466,2.063445584,43343.46249
Mongolia,3A,63.8,69.689,0.735,4210.84345,Asia-Pacific,LM,3.170219971,0.167473229,5.442318309,0.106841715,1.20073E-05,0.024100359,2.318098283,8.058843903,0.333848725,4.441324354,0.14928882,0.003768483,0.024100359,2.323384826,7.275715567,0.167473229,7.221814683,6.650153304,0.078883165,0.024100359,14.14242474,6.866709174,4.597249041,0.514460264,43180.39531
Montenegro,3A,68.2,76.77,0.826,8179.748663,Other Europe,UM,0.627809021,0.063444586,0.179040952,0.801104572,0.015084802,0.00885123,1.359245495,2.426771638,0.634547105,0.422588562,0.600006763,0.071576218,0.00885123,2.491201151,4.22877103,0.063444586,0.188679283,2.010323553,0.23974649,0.00885123,2.511045143,-1.717725887,2.672000215,1.684068103,43237.60179
Morocco,2A,70.5,76.453,0.68,3413.906944,Africa,LM,36.02910156,0.430324468,0.154026931,0.075136459,0.117583944,0.049339504,0.617148294,1.443559601,0.662856191,0.158141496,0.150494685,0.070982242,0.049339504,0.661740075,1.753554193,0.430324468,0.154026931,0.087786401,0.067076198,0.049339504,0.788553503,-0.965000691,1.108004465,2.223760579,43430.42106
Mozambique,3A,51.1,60.163,0.452,592.5108489,Africa,LI,29.496,0.226762008,0.018636339,0.26051956,0.02439798,0.051853037,0.091207481,0.673376406,0.279171864,0.022895347,0.245616784,0.032953113,0.051853037,0.16668275,0.799172896,0.226762008,0.659216321,0.488341753,0.142141927,0.051853037,1.568315047,0.769142151,0.504967078,0.509574207,
Myanmar,3A,64.9,66.867,0.579,1573.149751,Asia-Pacific,LI,53.70830078,0.94782197,0.004596332,0.325187308,0.062148517,0.120208668,0.202748541,1.662711335,0.841386925,0.009109125,0.338093364,0.045703129,0.120208668,0.303670266,1.658171478,0.94782197,0.004596332,0.509579778,0.28042971,0.120208668,1.862636458,0.20446498,1.04773574,0.890228188,43449.37029
Namibia,2A,61.8,63.373,0.645,5942.286366,Africa,UM,2.448300049,0.126108932,1.261120934,0.242007893,2.146414626,0.01954128,0.561778176,4.356971839,0.295431142,0.245578812,0.255426742,0.511770956,0.01954128,1.182303678,2.51005261,0.126108932,1.477018397,0.307029024,4.391927788,0.01954128,6.321625421,3.811572811,1.586007156,0.397058105,43331.13768
Nepal,3A,66.5,70.478,0.596,817.5521748,Asia-Pacific,LI,28.09569922,0.368480584,0.046871205,0.191522682,0.001138086,0.103597262,0.161269644,0.872879462,0.476259635,0.059520523,0.199757371,0.004084282,0.103597262,0.346222978,1.189442051,0.368480584,0.046871205,0.093844374,0.004968728,0.103597262,0.617762153,-0.571679899,0.751563373,1.925404536,
Netherlands,3A,81.6,81.8122,0.942,55369.23301,EU,HI,17.08530078,0.175777387,0.042455148,0.083622666,0.14151199,0.069512543,3.106238475,3.619118208,1.044269992,0.580030656,0.341892206,0.002169234,0.069512543,3.653693152,5.691567783,0.175777387,0.042455148,0.074609309,0.417288819,0.069512543,0.779643204,-4.911924578,3.596286068,7.300221114,43202.49359
New Zealand,2B,79.1,81.8585,0.928,39214.61242,Asia-Pacific,HI,4.743129883,,,,,,,12.0559431,,,,,,,5.300244543,,,,,,8.835597367,3.535352824,3.349023737,0.599873933,43209.98699
Nicaragua,3A,66.3,74.275,0.659,1857.056685,Central America/Caribbean,LM,6.4655,0.379832964,0.542100937,0.374157627,0.09243972,0.048174065,0.267235351,1.703940664,0.292928057,0.19929591,0.398710839,0.026138972,0.048174065,0.462215621,1.427463465,0.379832964,0.542100937,0.771101925,0.452359615,0.048174065,2.193569506,0.766106041,0.901960087,0.650749138,
Niger,3A,49.5,62.024,0.391,552.3241115,Africa,LI,22.44280078,0.829996365,0.393352156,0.217472322,0.005027387,0.041239425,0.028502173,1.515589828,0.820321441,0.388201499,0.218267801,0.007406292,0.041239425,0.067933192,1.54336965,0.829996365,0.393352156,0.036322557,0.000487226,0.041239425,1.301397729,-0.241971921,0.975196814,1.185932337,
Nigeria,3A,48.9,54.332,0.534,2384.17358,Africa,LM,195.875,0.482714933,0.089865518,0.162991563,0.021241884,0.05532783,0.165229471,0.9773712,0.50899083,0.095732683,0.167971456,0.039811585,0.05532783,0.219887079,1.087721464,0.482714933,0.096380984,0.037174141,0.015992059,0.05532783,0.687589947,-0.400131518,0.687289987,1.581933345,
Norway,3A,82,82.7585,0.956,91608.0307,Other Europe,HI,5.337959961,0.155602588,0.317249678,1.528456798,5.518731037,0.027374614,2.783049966,10.33046468,0.829313648,0.27692904,0.885709249,1.151711518,0.027374614,2.497864842,5.668902911,0.155602588,0.57495203,3.298118537,2.852440132,0.027374614,6.908487901,1.23958499,3.581964994,0.820570723,43202.89938
Oman,3A,70.1,77.633,0.813,15796.76375,Middle East/Central Asia,HI,4.829470215,0.06504009,0.029494995,0.003817374,0.778101993,0.225544032,5.405112192,6.507110677,0.544729701,0.313935902,0.133358858,0.427853167,0.225544032,4.642996495,6.288418154,0.06504009,0.029494995,0.000992628,1.105915326,0.225544032,1.426987071,-4.861431083,3.973413208,4.406780047,43192.86057
Pakistan,3A,57.7,67.114,0.552,1196.826055,Asia-Pacific,LM,212.228,0.244267541,0.003276759,0.065759377,0.020696411,0.03755953,0.308425197,0.679984815,0.255168459,0.004501895,0.078533248,0.011647569,0.03755953,0.383623769,0.771034469,0.244267541,0.003276759,0.01884855,0.030168359,0.03755953,0.334120738,-0.436913731,0.487187472,2.307652236,
Panama,3A,68,78.329,0.812,11755.11774,Central America/Caribbean,UM,4.176870117,0.141205161,0.392724968,0.158364086,0.64230359,0.027534418,0.813337721,2.175469945,0.434266817,0.402243563,0.190293114,0.435555576,0.027534418,1.433188655,2.923082143,0.141205161,0.392724968,1.401772768,0.550614713,0.027534418,2.513852029,-0.409230114,1.846984871,1.162790057,43298.61938
Papua New Guinea,2A,51.3,64.263,0.549,2397.656519,Asia-Pacific,LM,8.606320313,0.343028558,0.000153971,0.570809843,0.997205053,0.140351169,0.218261878,2.269810471,0.277845425,0.023722779,0.26878759,0.793047244,0.140351169,0.21842618,1.722180388,0.343028558,0.031125474,2.30736797,0.604420784,0.140351169,3.426293954,1.704113566,1.088180546,0.502636496,43436.42228
Paraguay,3A,66.9,74.131,0.727,5379.589473,South America,LM,6.956069824,2.397862141,1.783508906,0.808379952,0.006716913,0.128742649,0.427148533,5.552359093,0.689373086,0.829807058,0.829867396,0.009301141,0.128742649,0.582858478,3.069949807,2.397862141,2.191516144,5.296137375,0.049527464,0.128742649,10.06378577,6.993835965,1.939784984,0.305049201,43289.16518
Peru,3A,71.1,76.516,0.771,6439.653102,South America,UM,31.98930078,0.330647258,0.482691394,0.107475826,0.565315534,0.080884704,0.578583781,2.145598496,0.497538245,0.469493455,0.165833495,0.46420106,0.080884704,0.67949614,2.357447099,0.330647258,0.482691394,2.511773341,0.190246216,0.080884704,3.596242913,1.238795814,1.489581515,0.655530551,43346.03526
Philippines,3A,64.5,71.095,0.711,3187.968233,Asia-Pacific,LM,106.651,0.304242829,0.004479404,0.06611916,0.202044701,0.057233457,0.447010806,1.081130357,0.422723633,0.03799493,0.10893891,0.208882588,0.057233457,0.632082538,1.467856055,0.304242829,0.01444122,0.07748644,0.061223999,0.057233457,0.514627945,-0.95322811,0.927482634,2.852266515,
Poland,3A,80.2,77.6024,0.877,16665.96277,EU,HI,37.92160156,0.819506746,0.071313535,0.810039492,0.026380114,0.102389561,2.885591319,4.715220768,0.643771094,0.022908563,0.899150006,0.069629006,0.102389561,3.016897501,4.75474573,0.819506746,0.071313535,0.781963067,0.108252145,0.102389561,1.883425054,-2.871320676,3.004343703,2.524520803,43222.49076
Portugal,3A,78.6,81.3244,0.86,24180.49524,EU,HI,10.2562002,0.244691772,0.090514997,0.90719952,0.217497831,0.027642727,1.698572353,3.186119201,0.83249747,0.352087722,0.407803804,0.358219896,0.027642727,2.573446744,4.551698363,0.244691772,0.090514997,0.855697435,0.075176561,0.027642727,1.293723492,-3.257974871,2.876045764,3.518293043,43227.91036
Qatar,3A,66.7,80.1,0.845,63990.10827,Middle East/Central Asia,HI,2.781679932,0.007114608,6.57895E-05,0.000693647,0.075823037,0.049123021,11.81037768,11.94319779,0.706292671,0.342248767,0.190356804,0.159984587,0.049123021,12.82294774,14.27095359,0.007114608,6.57895E-05,0,0.864049718,0.049123021,0.920353137,-13.35060046,9.01727495,15.50595421,43141.47786
Republic of Moldova,3A,73.7,71.808,0.746,2355.723465,Other Europe,LM,4.051939941,1.031969879,0.058788272,0.121494301,3.86808E-05,0.065430447,0.708268426,1.985990005,0.539242191,0.060783807,0.193669693,0.050311197,0.065430447,0.959221426,1.868658761,1.031969879,0.058788272,0.080826297,0.008677919,0.065430447,1.245692813,-0.622965948,1.18073468,1.500095964,43410.12957
Republic of North Macedonia,3A,72.5,75.688,0.77,5452.001101,Other Europe,UM,2.082959961,0.413879318,0.153601713,0.163617498,0.000396098,0.026921798,1.264778934,2.023195359,0.65999578,0.233660898,0.307379945,0.032763737,0.026921798,1.836879525,3.097601683,0.413879318,0.153601713,0.889261896,0.009466788,0.026921798,1.493131513,-1.60447017,1.957257157,2.074567214,43287.48546
Réunion,2B,,,,,Africa,,0.882526001,,,,,,,2.144916123,,,,,,,4.593538374,,,,,,0.174215295,-4.419323079,2.902482882,26.36702114,43226.7544
Romania,3A,75,75.3585,0.823,11534.85343,EU,UM,19.50609961,1.567448431,0.134990407,0.478648727,0.001018034,0.190782582,1.367671981,3.740560162,1.046821657,0.08558375,0.55556611,0.042577913,0.190782582,1.663052981,3.584384993,1.567448431,0.134990407,1.19320339,0.091816283,0.190782582,3.178241092,-0.406143901,2.26483709,1.12778889,43262.15949
Russian Federation,3A,73.8,72.6622,0.823,11939.56112,Other Europe,UM,145.734,0.993399224,0.021292756,1.088069806,0.289734829,0.039187935,3.995310641,6.426995191,0.63963851,0.091204581,0.745655959,0.189080123,0.039187935,3.605867586,5.310634694,0.993399224,0.332448847,4.185329472,1.165169473,0.039187935,6.71553495,1.404900256,3.35558888,0.79079846,43209.77375
Rwanda,3A,57.6,68.7,0.54,845.3991221,Africa,LI,12.302,0.289002804,0.047500445,0.221653639,0.00240736,0.042840124,0.037041707,0.640446079,0.323964028,0.0433152,0.2250087,0.021299334,0.042840124,0.102909096,0.759336481,0.289002804,0.047500445,0.00751886,0.00494797,0.042840124,0.391810204,-0.367526277,0.479795956,1.938021198,
Saint Lucia,3A,,76.057,0.758,9237.391651,Central America/Caribbean,UM,0.181889008,0.081443677,0.001494717,0.019679803,0.159746379,0.001890357,0.664919605,0.929174538,0.451205469,0.160333659,0.078905426,0.219222122,0.001890357,1.352229203,2.263786236,0.081443677,0.001494717,0.09493946,0.14070497,0.001890357,0.320473181,-1.943313054,1.430400763,7.063886679,43356.17324
Samoa,2B,,73.187,0.709,3753.968094,Asia-Pacific,LM,0.196128998,,,,,,,1.487217315,,,,,,,2.651613831,,,,,,1.743779349,-0.907834482,1.675454329,1.520613163,43318.85136
Sao Tome and Principe,2B,58.8,70.17,0.624,1296.747352,Africa,LM,0.211028,,,,,,,0.952368578,,,,,,,1.28480353,,,,,,0.772470532,-0.512332998,0.811818679,1.663239537,
Saudi Arabia,3A,66.3,74.998,0.854,20829.12944,Middle East/Central Asia,HI,33.70280078,0.066818867,0.049091594,0.0033708,0.026309164,0.038600179,5.641992717,5.826183321,0.646579725,0.170916426,0.169133576,0.061169838,0.038600179,3.869026717,4.95542646,0.066818867,0.099939922,0.053449212,0.150009672,0.038600179,0.408817852,-4.546608608,3.131146254,12.12135536,43217.57073
Senegal,3A,58.4,67.665,0.516,1547.100806,Africa,LM,15.8542998,0.375897014,0.151517283,0.168885455,0.206170702,0.053255478,0.215154526,1.170880458,0.560649897,0.182343242,0.182695896,0.109171463,0.053255478,0.323906606,1.412022582,0.375897014,0.151517283,0.379301454,0.148697437,0.053255478,1.108668666,-0.303353916,0.892203578,1.273619996,
Serbia,3A,75.6,75.8902,0.803,5471.835506,Other Europe,UM,8.80275,1.106910585,0.017902985,0.392321835,0.001866697,0.078951831,1.757267239,3.355221172,0.752455762,0.035964248,0.493796566,0.03176845,0.078951831,1.677575631,3.070512487,1.106910585,0.017902985,0.473197481,0.003565095,0.078951831,1.680527977,-1.38998451,1.940140521,1.827111794,43289.1307
Sierra Leone,3A,51.7,54.309,0.447,472.8260291,Africa,LI,7.650149902,0.364908925,0.078038213,0.321208499,0.089340858,0.051178007,0.067815584,0.972490086,0.451785392,0.094879998,0.30980591,0.089612903,0.051178007,0.136433839,1.133696048,0.364908925,0.276401922,0.130214079,0.175295482,0.051178007,0.997998416,-0.135697633,0.716339585,1.135969788,
Singapore,3A,69.9,83.2976,0.936,57837.60313,Asia-Pacific,HI,5.7575,0.000846242,0,0.001881923,0.001825739,0.041227255,3.199906131,3.245687289,0.621485667,0.242581397,0.207203041,0.197772047,0.041227255,4.621216548,5.931485954,0.000846242,0,0.002180184,0.012443866,0.041227255,0.056697548,-5.874788406,3.747881272,104.6162702,43198.38836
Slovakia,3A,79.6,77.2659,0.858,20539.11598,EU,HI,5.453009766,0.806989412,0.051769626,1.191651274,0.001575466,0.117866414,2.280840447,4.450692638,0.590597937,0.183111747,0.893000638,0.042443931,0.117866414,2.904443778,4.731464446,0.806989412,0.053529722,1.810785723,0.002185736,0.117866414,2.791357007,-1.940107439,2.989633141,1.695040954,43223.08856
Slovenia,3A,81.6,81.3781,0.912,26709.6589,EU,HI,2.077840088,0.24743784,0.060313668,1.512543383,0.001227969,0.082507292,2.374753362,4.278783515,0.619900471,0.192604581,1.119268429,0.049340608,0.082507292,3.302579341,5.366200722,0.24743784,0.060313668,1.804858678,0.004314106,0.082507292,2.199431585,-3.166769137,3.390698949,2.439812522,43208.64742
Solomon Islands,2A,,72.835,0.564,1773.696245,Asia-Pacific,LI,0.652856995,0.34845311,0.005552469,3.479302698,2.581637372,0.131497254,0.106280969,6.652723872,0.387985442,0.042016417,0.078201522,1.076505756,0.131497254,0.05549867,1.771705061,0.34845311,0.005552469,2.137515213,1.005501637,0.131497254,3.628519683,1.856814622,1.119473311,0.488272137,43427.04618
Somalia,3A,45.6,57.068,,-,Africa,LI,15.0082002,0.039673923,0.383808447,0.397199402,0.003034062,0.029469649,0.01550053,0.868686012,0.166265638,0.370405331,0.409204312,0.003855076,0.029469649,0.036821684,1.016021689,0.039673923,0.383808447,0.137961192,0.227053796,0.029469649,0.817967006,-0.198054683,0.641985615,1.242130405,
South Africa,3A,63.7,,0.707,7440.411818,Africa,UM,57.7925,0.253768314,0.138960974,0.267682252,0.074292197,0.033710432,2.621680672,3.390094841,0.304365508,0.085069656,0.221165863,0.08417868,0.033710432,3.071972108,3.800462247,0.253768314,0.522085435,0.032844378,0.153766846,0.033710432,0.996175405,-2.804286842,2.401368121,3.815053282,43252.99669
South Sudan,3A,38.9,57.604,0.429,-,Africa,LM,10.97590039,0.252910001,1.064001972,0.162049935,0.004439206,0.043806944,0.048110027,1.575318085,0.289898005,1.0648363,0.160479059,0.004587674,0.043806944,0.048110027,1.611718009,0.252910001,1.064001972,0.361423441,0.006570099,0.043806944,1.728712456,0.116994447,1.018383553,0.932322783,43459.41113
Spain,3A,79.5,83.4317,0.905,32981.46081,EU,HI,46.69289844,0.977625811,0.132164411,0.258047521,0.371291443,0.064708135,1.921819309,3.72565663,1.132218605,0.161367595,0.298313005,0.348837481,0.064708135,2.386046384,4.391491206,0.977625811,0.132164411,0.302175492,0.058581087,0.064708135,1.535254936,-2.85623627,2.77481693,2.860431257,43232.54021
Sri Lanka,3A,68.1,76.812,0.779,4028.206816,Asia-Pacific,LM,21.22880078,0.270144029,0.001954932,0.104423563,0.229320181,0.052412223,0.346308227,1.004563155,0.36538912,0.014259939,0.164920675,0.248202779,0.052412223,0.668001219,1.513185955,0.270144029,0.019496378,0.043866541,0.06824952,0.052412223,0.454168692,-1.059017263,0.956124881,3.331770732,
State of Palestine,2B,,73.895,0.708,2805.316916,Middle East/Central Asia,LM,4.86297998,,,,,,,0.30010306,,,,,,,1.141595903,,,,,,0.095924858,-1.045671045,0.721331204,11.9009392,
Sudan,3A,49.5,65.095,0.506,1589.598459,Africa,LM,41.8015,0.522652613,0.522425497,0.159289858,0.000806863,0.047600457,0.163997151,1.416772439,0.538621926,0.511444823,0.167819687,0.001147536,0.047600457,0.208603091,1.475237519,0.522652613,0.522425497,0.248007643,0.02102452,0.047600457,1.36171073,-0.11352679,0.932146702,1.083370709,
Suriname,3A,67,71.57,0.734,8100.33174,South America,UM,0.57598999,0.347700373,0.024807813,1.362405057,0.356749948,0.093805471,1.355462259,3.54093092,0.322577574,0.001943934,0.741388953,0.248663172,0.093805471,1.656187948,3.064567052,0.347700373,0.024807813,73.03918528,6.86802567,0.093805471,80.37352461,77.30895755,1.936383825,0.038129061,43289.49569
Sweden,3A,85.6,82.5585,0.943,59067.51756,EU,HI,9.971639648,0.388176274,0.173192916,5.010403938,0.066012962,0.072081216,1.320884274,7.030751579,0.66320522,0.383629476,1.721358592,0.117643734,0.072081216,3.318337434,6.276255672,0.388176274,0.236758316,6.171598532,2.090464661,0.072081216,8.959078999,2.682823326,3.965728196,0.700546973,43193.03858
Switzerland,3A,80.1,83.7537,0.955,79173.21719,Other Europe,HI,8.525610352,0.144201487,0.104567407,0.340452899,0.002116829,0.051262746,1.51421003,2.156811399,0.589137184,0.190850007,0.335532831,0.065688437,0.051262746,3.115778934,4.348250139,0.144201487,0.104567407,0.688098095,0.006130699,0.051262746,0.994260434,-3.353989705,2.747494538,4.373351277,43233.84831
Syrian Arab Republic,3A,58,71.779,0.563,-,Middle East/Central Asia,LM,16.94509961,0.273943467,0.12769224,0.002404159,0.000789911,0.023485408,0.54192714,0.970242326,0.376322804,0.054940822,0.036044189,0.007823576,0.023485408,0.838387137,1.337003937,0.273943467,0.12769224,0.056807499,0.004848174,0.023485408,0.486776788,-0.850227149,0.844802138,2.746646862,
Tajikistan,2A,69.8,70.879,0.661,1073.023001,Middle East/Central Asia,LI,9.100830078,0.249689458,0.121868385,0.152255633,0.00022947,0.087882957,0.291679762,0.903605664,0.400579136,0.125396033,0.214265079,0.0020739,0.087882957,0.297452623,1.127649728,0.249689458,0.121868385,0.005789368,0.010373016,0.087882957,0.475603183,-0.652046545,0.712519145,2.370988607,
"Tanzania, United Republic of",3A,56.4,65.015,0.524,931.3041204,Africa,LI,56.31339844,0.444377568,0.285459299,0.201178355,0.086541804,0.064964022,0.068231107,1.150752156,0.413351827,0.283520092,0.205337604,0.076868879,0.064964022,0.128910369,1.172952795,0.444377568,0.285459299,0.137477687,0.051702183,0.064964022,0.983980759,-0.188972035,0.741144436,1.192048507,
Thailand,3A,74.2,76.931,0.772,6366.261694,Asia-Pacific,UM,69.4285,0.777926581,0.000937357,0.246512565,0.118769919,0.068644081,1.296743366,2.509533869,0.442609516,0.022266532,0.172701352,0.195614281,0.068644081,1.45053098,2.352366743,0.777926581,0.010256741,0.226364165,0.187576188,0.068644081,1.270767755,-1.081598988,1.48637143,1.851138206,43346.56446
Timor-Leste,2A,,69.26,0.599,839.8858211,Asia-Pacific,LM,1.267969971,0.170365711,0.053603918,0.025279529,0.002075389,0.038232732,0.103422559,0.392979838,0.33603669,0.058530786,0.03159323,0.024540132,0.038232732,0.103422559,0.592356131,0.170365711,0.053603918,0.574017999,0.829900605,0.038232732,1.666120966,1.073764835,0.374287399,0.355530086,
Togo,3A,53.2,60.76,0.51,676.9881071,Africa,LI,7.889089844,0.33498223,0.097519763,0.2276904,0.013111209,0.026832789,0.086569168,0.78670556,0.370508987,0.092992749,0.232955796,0.0723767,0.026832789,0.248064259,1.04373128,0.33498223,0.100304955,0.113681373,0.018094262,0.026832789,0.59389561,-0.449835669,0.659494256,1.757432218,
Tonga,2B,,70.801,0.723,4377.675767,Asia-Pacific,LM,0.103196999,,,,,,,1.002299775,,,,,,,2.920576524,,,,,,1.081313386,-1.839263139,1.845401666,2.7009529,43298.78892
Trinidad and Tobago,2A,63.5,73.38,0.795,15161.24195,Central America/Caribbean,HI,1.389839966,0.039977286,0.005884231,0.091549963,0.060080808,0.001119526,7.620681946,7.81929376,0.446147121,0.176773342,0.277206632,0.101332199,0.001119526,6.441162708,7.443741527,0.039977286,0.005884231,0.137007484,1.314688336,0.001119526,1.498676863,-5.945064665,4.70341828,4.96687559,43178.60313
Tunisia,3A,71.4,76.505,0.738,4408.371592,Africa,UM,11.5652002,0.331083796,0.07486234,0.135966358,0.063308646,0.024250611,0.873205639,1.502677389,0.586134481,0.062174459,0.240719542,0.068424287,0.024250611,1.042676234,2.024379615,0.331083796,0.07486234,0.033532471,0.221814652,0.024250611,0.685543869,-1.338835746,1.279128789,2.952954153,43386.35047
Turkey,3A,70.4,77.437,0.817,15180.93828,Middle East/Central Asia,UM,82.34010156,0.662302542,0.086787155,0.215395533,0.026390954,0.033648455,1.75300216,2.777526798,0.769736494,0.167141099,0.320367191,0.031554188,0.033648455,2.02277608,3.345223507,0.662302542,0.086787155,0.482529559,0.0393771,0.033648455,1.30464481,-2.040578697,2.113720007,2.564087544,43273.68134
Turkmenistan,3A,61.1,68.073,0.71,7647.951725,Middle East/Central Asia,LM,5.850899902,0.365679135,0.508856369,0.000644603,0.003381556,0.060640934,4.140585666,5.079788264,0.430756659,0.394893635,0.026756525,0.004950699,0.060640934,3.978909448,4.8969079,0.365679135,1.732750226,0.01302305,0.113192739,0.060640934,2.285286084,-2.611621816,3.094170593,2.142798634,43218.96376
Uganda,3A,53.5,62.973,0.538,933.7148073,Africa,LI,42.729,0.261472911,0.127932375,0.47255924,0.084023737,0.033276019,0.043808679,1.023072961,0.230416118,0.126405171,0.480022813,0.080284217,0.033276019,0.108552281,1.058956618,0.261472911,0.127932375,0.009394018,0.034999762,0.033276019,0.467075085,-0.591881533,0.669114571,2.267208534,
Ukraine,2A,75.5,71.5827,0.774,2960.706282,Other Europe,LM,44.24619922,1.931442768,0.00564744,0.232153504,0.002593927,0.084371418,1.539211913,3.79542097,0.634455903,0.012092626,0.190819759,0.061853229,0.084371418,1.439179955,2.42277289,1.931442768,0.138468018,0.429617286,0.154235643,0.084371418,2.738135133,0.315362243,1.530858407,0.884825902,43339.42832
United Arab Emirates,3A,70.2,77.814,0.889,41325.06018,Middle East/Central Asia,HI,9.630959961,0.019533249,0.001140106,0.000738054,0.138321138,0,6.419420206,6.579152753,0.916149625,0.553406104,0.409130524,0.277738017,0,5.939794374,8.096218645,0.019533249,0.001140106,0.060745377,0.43579149,0,0.517210221,-7.579008423,5.115693853,15.65363233,43172.34907
United Kingdom,3A,80,81.2561,0.928,42894.35427,EU,HI,67.14170313,0.397248597,0.102704468,0.103554521,0.093811481,0.126236258,1.84754566,2.671100985,0.698640582,0.25519311,0.443343061,0.083561728,0.126236258,2.572349038,4.179323778,0.397248597,0.102704468,0.11691349,0.284563165,0.126236258,1.027665978,-3.1516578,2.64075637,4.066811463,43239.21798
United States of America,3A,76,78.639,0.925,54723.9954,North America,HI,327.096,1.25749728,0.251620707,0.915305078,0.098262233,0.07230593,5.228363598,7.823354826,0.937991649,0.289092389,0.921738066,0.127889753,0.07230593,5.773365338,8.122383125,1.25749728,0.251620707,1.484394743,0.320083826,0.07230593,3.385902485,-4.73648064,5.132226196,2.398882768,43172.11923
Uruguay,3A,74.5,77.77,0.816,14617.54325,South America,UM,3.449280029,0.989639725,4.204666613,3.181953626,0.182540875,0.099627801,0.64356637,9.30199501,0.149610077,0.066018928,0.276909184,0.067655471,0.099627801,0.598799056,1.258620518,0.989639725,4.777020802,1.306966815,2.147420007,0.099627801,9.32067515,8.062054633,0.795274625,0.135035338,
Uzbekistan,3A,69.8,71.573,0.717,2408.610055,Middle East/Central Asia,LM,32.47619922,0.364525481,0.164675768,0.000492398,0.005812086,0.063724607,1.186534122,1.785764461,0.44658563,0.164465254,0.088533645,0.007124783,0.063724607,1.267932934,2.038366852,0.364525481,0.164675768,0.056411739,0.009392791,0.063724607,0.658730387,-1.379636466,1.287966794,3.094387163,43384.3924
Vanuatu,2C,60.5,70.323,0.603,2864.828553,Asia-Pacific,LM,0.292679993,,,,,,,,,,,,,,,,,,,,,,,,
"Venezuela, Bolivarian Republic of",3A,59.3,72.128,0.733,-,South America,UM,28.88709961,0.114158454,0.592644385,0.087835907,0.0794515,0.029451533,1.386102288,2.289644067,0.285138507,0.621754227,0.088229742,0.076397734,0.029451533,1.290640623,2.391612365,0.114158454,0.592644385,1.773474857,0.2507359,0.029451533,2.760465128,0.368852763,1.511169252,0.866380213,43342.53482
Viet Nam,3A,72.8,75.317,0.7,1967.638624,Asia-Pacific,LM,95.546,0.525034706,0.003574024,0.350116283,0.092554996,0.091484041,0.956974058,2.019738109,0.513525211,0.027343548,0.425155435,0.074244515,0.091484041,1.140392919,2.272145669,0.525034706,0.009005332,0.159298645,0.153510885,0.091484041,0.93833361,-1.33381206,1.435682773,2.421468917,43355.23444
Yemen,3A,52.9,66.096,0.468,632.9095887,Middle East/Central Asia,LM,28.49869922,0.041438868,0.101234713,0.007659002,0.048568256,0.024911485,0.109249804,0.333062129,0.168041143,0.108651669,0.020444659,0.033403327,0.024911485,0.153089425,0.508541708,0.041438868,0.101234713,0.035518944,0.17154731,0.024911485,0.374651321,-0.133890387,0.32132824,1.357373323,
Zambia,3A,53.4,,0.582,1678.181464,Africa,LM,17.35169922,0.220545578,0.130643258,0.608300799,0.008665932,0.043482954,0.157293989,1.168932509,0.207057034,0.130973906,0.615155172,0.051749503,0.043482954,0.235610439,1.284029008,0.220545578,0.760214892,0.719844513,0.019367574,0.043482954,1.763455511,0.479426503,0.811329287,0.728132352,
Zimbabwe,3A,58.7,,0.569,1305.801054,Africa,LI,14.4387998,0.152608386,0.301816498,0.272790171,0.001765974,0.023204515,0.293603793,1.045789338,0.193398087,0.303349376,0.285176497,0.007224208,0.023204515,0.403335633,1.215688315,0.152608386,0.301816498,0.134279963,0.009870337,0.023204515,0.621779699,-0.593908617,0.768147393,1.95517531,